{
	"parent": "itemModels/tools/arrow",
    "display":{
        "firstperson_lefthand": {
            "rotation": [ 0.0, -90.0, 20.0 ],
            "translation": [ 0.0, 3.0, 3.0 ],
            "scale": [ -0.16000000000000003, 0.16000000000000003, 0.16000000000000003 ]
        },
        "thirdperson_righthand": {
            "rotation": [ -90.0, 1.0, 5.0 ],
            "translation": [ -0.0, 0.4472135954999579, 0.7602631123499285 ],
            "scale": [ 0.2, 0.2, 0.2 ]
        },
        "fixed": {
            "rotation": [ 0.0, 0.0, 45.0 ],
            "translation": [ 0.0, 0.5, -0.5 ],
            "scale": [ 0.5, 0.5, 0.5 ]
        },
        "thirdperson_lefthand": {
            "rotation": [ -90.0, 1.0, 5.0 ],
            "translation": [ 0.0, 0.4472135954999579, 0.7602631123499285 ],
            "scale": [ -0.2, 0.2, 0.2 ]
        },
        "head": {
            "rotation": [ 0.0, -135.0, -20.0 ],
            "translation": [ 0.0, 4.0, 2.0 ],
            "scale": [ 0.85, 0.85, 0.85 ]
        },
        "firstperson_righthand": {
            "rotation": [ 0.0, -90.0, 20.0 ],
            "translation": [ 0.0, 3.0, 3.0 ],
            "scale": [ 0.16000000000000003, 0.16000000000000003, 0.16000000000000003 ]
        },
        "gui": {
            "rotation": [ 30.0, 190.0, 45.0 ],
            "translation": [ -0.5, 0.5, 0.0 ],
            "scale": [ 0.4375, 0.4375, 0.4375 ]
        }

    }
}