{
    "parent": "builtin/entity",
    "display":{
        "firstperson_lefthand": {
            "rotation": [ 0.0, -45.0, 0.0 ],
            "translation": [ 0.0, -1.0, 1.0 ],
            "scale": [ -0.8, 0.8, 0.8 ]
        },
        "thirdperson_righthand": {
            "rotation": [ 90.0, 70.0, -270.0 ],
            "translation": [ -0.0, 1.8973665961010275, -0.9486832980505138 ],
            "scale": [ 0.9, 0.9, 0.9 ]
        },
        "thirdperson_lefthand": {
            "rotation": [ 90.0, 70.0, -270.0 ],
            "translation": [ 0.0, 1.8973665961010275, -0.9486832980505138 ],
            "scale": [ -0.9, 0.9, 0.9 ]
        },
        "head": {
            "rotation": [ 0.0, 0.0, 0.0 ],
            "translation": [ 0.0, 8.0, 3.5 ],
            "scale": [ 1.5, 1.5, 1.5 ]
        },
        "firstperson_righthand": {
            "rotation": [ 0.0, -45.0, 0.0 ],
            "translation": [ 0.0, -1.0, 1.0 ],
            "scale": [ 0.8, 0.8, 0.8 ]
        },
        "gui": {
            "rotation": [ 30.0, 160.0, 0.0 ],
            "translation": [ 0.0, -3.0, 0.0 ],
            "scale": [ 0.53125, 0.53125, 0.53125 ]
        }

    }
}