{
	"parent": "block/brick_slab",
	"textures": {
		"brick": "items/misc/brick"
	},
	"display":{
        "thirdperson_lefthand": {
            "rotation": [ -80.0, -80.0, -45.0 ],
            "translation": [ 0.0, 1.6840241981634347, 0.9185586535436917 ],
            "scale": [ -0.375, 0.375, 0.375 ]
        },
        "thirdperson_righthand": {
            "rotation": [ -80.0, -80.0, -45.0 ],
            "translation": [ -0.0, 1.6840241981634347, 0.9185586535436917 ],
            "scale": [ 0.375, 0.375, 0.375 ]
        }

    }
}