{
    "parent": "block/crafting_table/crafting_table",
    "display":{
        "fixed": {
            "rotation": [ -30.0, 30.0, 0.0 ],
            "translation": [ 0.0, 0.0, -3.0 ],
            "scale": [ 0.65, 0.65, 0.65 ]
        },
        "thirdperson_lefthand": {
            "rotation": [ -80.0, -80.0, -45.0 ],
            "translation": [ 0.0, 1.6840241981634347, 0.9185586535436917 ],
            "scale": [ -0.375, 0.375, 0.375 ]
        },
        "gui": {
            "rotation": [ 30.0, 135.0, 0.0 ],
            "translation": [ 0.0, 0.0, 0.0 ],
            "scale": [ 0.625, 0.625, 0.625 ]
        },
        "thirdperson_righthand": {
            "rotation": [ -80.0, -80.0, -45.0 ],
            "translation": [ -0.0, 1.6840241981634347, 0.9185586535436917 ],
            "scale": [ 0.375, 0.375, 0.375 ]
        }

    }
}