{
    "parent": "block/enchanting_table_book",
    "textures": {
        "book": "blocks/enchanting_table/book"
    },
    "display":{
        "fixed": {
            "rotation": [ -30.0, 70.0, -30.0 ],
            "translation": [ -0.5, 1.0, -3.0 ],
            "scale": [ 0.65, 0.65, 0.65 ]
        },
        "thirdperson_lefthand": {
            "rotation": [ -80.0, -80.0, -45.0 ],
            "translation": [ 0.0, 1.6840241981634347, 0.9185586535436917 ],
            "scale": [ -0.375, 0.375, 0.375 ]
        },
        "gui": {
            "rotation": [ 30.0, 225.0, 0.0 ],
            "translation": [ 0.0, 1.0, 0.0 ],
            "scale": [ 0.61875, 0.61875, 0.61875 ]
        },
        "thirdperson_righthand": {
            "rotation": [ -80.0, -80.0, -45.0 ],
            "translation": [ -0.0, 1.6840241981634347, 0.9185586535436917 ],
            "scale": [ 0.375, 0.375, 0.375 ]
        }

    }
}