{
	"parent": "itemModels/food/carrot",
	"textures": {
		"carrot": "items/food/carrot_gold"
	},
	"display":{
        "firstperson_lefthand": {
            "rotation": [ 180.0, 45.0, 0.0 ],
            "translation": [ -2.0, 0.0, 1.0 ],
            "scale": [ -0.4, 0.4, 0.4 ]
        },
        "thirdperson_righthand": {
            "rotation": [ 90.0, -20.0, -90.0 ],
            "translation": [ -0.0, 0.6708203932499369, 1.0062305898749053 ],
            "scale": [ 0.45, 0.45, 0.45 ]
        },
        "thirdperson_lefthand": {
            "rotation": [ 90.0, -20.0, -90.0 ],
            "translation": [ 0.0, 0.6708203932499369, 1.0062305898749053 ],
            "scale": [ -0.45, 0.45, 0.45 ]
        },
        "firstperson_righthand": {
            "rotation": [ 180.0, 45.0, 0.0 ],
            "translation": [ -2.0, 0.0, 1.0 ],
            "scale": [ 0.4, 0.4, 0.4 ]
        },
        "gui": {
            "rotation": [ 60.0, 225.0, 80.0 ],
            "translation": [ 1.0, -0.5, 0.0 ],
            "scale": [ 0.53125, 0.53125, 0.53125 ]
        }

    }
}