{
	"parent": "item_models/door/door",
	"textures": {
		"bottom": "blocks/door/door_wood_lower",
		"top": "blocks/door/door_wood_upper"
	},
	"display":{
        "firstperson_lefthand": {
            "rotation": [ 30.0, 135.0, 0.0 ],
            "translation": [ 0.0, -1.0, 1.0 ],
            "scale": [ -0.4, 0.4, 0.4 ]
        },
        "thirdperson_righthand": {
            "rotation": [ 180.0, -90.0, -180.0 ],
            "translation": [ -0.8366600265340756, 0.4183300132670378, -0.33466401061363027 ],
            "scale": [ 0.7, 0.7, 0.7 ]
        },
        "thirdperson_lefthand": {
            "rotation": [ 180.0, -90.0, -180.0 ],
            "translation": [ 0.8366600265340756, 0.4183300132670378, -0.33466401061363027 ],
            "scale": [ -0.7, 0.7, 0.7 ]
        },
        "firstperson_righthand": {
            "rotation": [ 30.0, 135.0, 0.0 ],
            "translation": [ 0.0, -1.0, 1.0 ],
            "scale": [ 0.4, 0.4, 0.4 ]
        },
        "gui": {
            "rotation": [ 30.0, 135.0, 0.0 ],
            "translation": [ 0.0, 0.0, 0.0 ],
            "scale": [ 0.4375, 0.4375, 0.4375 ]
        }

    }
}
