{
	"parent": "itemModels/misc/rabbit_foot",
	"display":{
        "firstperson_lefthand": {
            "rotation": [ 0.0, 5.0, 180.0 ],
            "translation": [ 0.0, 0.0, 1.0 ],
            "scale": [ -0.4, 0.4, 0.4 ]
        },
        "thirdperson_righthand": {
            "rotation": [ -90.0, -110.0, -250.0 ],
            "translation": [ -0.0, 0.6708203932499369, 0.8944271909999159 ],
            "scale": [ 0.2, 0.2, 0.2 ]
        },
        "thirdperson_lefthand": {
            "rotation": [ -90.0, -110.0, -250.0 ],
            "translation": [ 0.0, 0.6708203932499369, 0.8944271909999159 ],
            "scale": [ -0.2, 0.2, 0.2 ]
        },
        "firstperson_righthand": {
            "rotation": [ 0.0, 5.0, 180.0 ],
            "translation": [ 0.0, 0.0, 1.0 ],
            "scale": [ 0.4, 0.4, 0.4 ]
        },
        "gui": {
            "rotation": [ 100.0, 165.0, 30.0 ],
            "translation": [ 0.0, 0.0, 0.0 ],
            "scale": [ 0.625, 0.625, 0.625 ]
        }

    }
}