{
	"parent": "itemModels/misc/sphere",
	"textures": {
		"material": "blocks/soil/snow",
		"particle": "blocks/soil/snow"
	},
	"display":{
        "firstperson_lefthand": {
            "rotation": [ 20.0, -90.0, 20.0 ],
            "translation": [ 0.0, 1.0, 3.0 ],
            "scale": [ -0.36000000000000004, 0.36000000000000004, 0.36000000000000004 ]
        },
        "thirdperson_righthand": {
            "rotation": [ 90.0, -230.0, -45.0 ],
            "translation": [ -0.0, 0.5, 1.0 ],
            "scale": [ 0.25, 0.25, 0.25 ]
        },
        "thirdperson_lefthand": {
            "rotation": [ 90.0, -230.0, -45.0 ],
            "translation": [ 0.0, 0.5, 1.0 ],
            "scale": [ -0.25, 0.25, 0.25 ]
        },
        "firstperson_righthand": {
            "rotation": [ 20.0, -90.0, 20.0 ],
            "translation": [ 0.0, 1.0, 3.0 ],
            "scale": [ 0.36000000000000004, 0.36000000000000004, 0.36000000000000004 ]
        },
        "gui": {
            "rotation": [ 30.0, 225.0, 0.0 ],
            "translation": [ 0.0, 0.0, 0.0 ],
            "scale": [ 0.5, 0.5, 0.5 ]
        }

    }
}