{
	"parent": "itemModels/alchemy/jar_double",
	"textures": {
		"contents": "items/potion/egg_fluid",
        "contents2": "items/potion/fluid_overlay",
		"icon": "items/misc/spawn_egg",
        "icon2": "items/misc/spawn_egg_overlay",
		"particle": "items/misc/slimeball"
	},

	"display":{
        "firstperson_lefthand": {
            "rotation": [ 20.0, -90.0, 20.0 ],
            "translation": [ 0.0, 3.0, 4.0 ],
            "scale": [ -0.27999999999999997, 0.27999999999999997, 0.27999999999999997 ]
        },
        "thirdperson_righthand": {
            "rotation": [ 80.0, 30.0, 135.0 ],
            "translation": [ -0.0, 0.3872983346207417, 0.8714212528966688 ],
            "scale": [ 0.15, 0.15, 0.15 ]
        },
        "thirdperson_lefthand": {
            "rotation": [ 80.0, 30.0, 135.0 ],
            "translation": [ 0.0, 0.3872983346207417, 0.8714212528966688 ],
            "scale": [ -0.15, 0.15, 0.15 ]
        },
        "firstperson_righthand": {
            "rotation": [ 20.0, -90.0, 20.0 ],
            "translation": [ 0.0, 3.0, 4.0 ],
            "scale": [ 0.27999999999999997, 0.27999999999999997, 0.27999999999999997 ]
        },
        "gui": {
            "rotation": [ 30.0, 225.0, 0.0 ],
            "translation": [ 0.0, 0.0, 0.0 ],
            "scale": [ 0.375, 0.375, 0.375 ]
        }

    }
}