{
	"parent": "itemModels/misc/string",
	"display":{
        "firstperson_lefthand": {
            "rotation": [ 20.0, 35.0, 0.0 ],
            "translation": [ 0.0, -1.0, 1.0 ],
            "scale": [ -0.24, 0.24, 0.24 ]
        },
        "thirdperson_righthand": {
            "rotation": [ 10.0, -50.0, -130.0 ],
            "translation": [ -0.0, 0.4743416490252569, 0.6324555320336759 ],
            "scale": [ 0.1, 0.1, 0.1 ]
        },
        "thirdperson_lefthand": {
            "rotation": [ 10.0, -50.0, -130.0 ],
            "translation": [ 0.0, 0.4743416490252569, 0.6324555320336759 ],
            "scale": [ -0.1, 0.1, 0.1 ]
        },
        "firstperson_righthand": {
            "rotation": [ 20.0, 35.0, 0.0 ],
            "translation": [ 0.0, -1.0, 1.0 ],
            "scale": [ 0.24, 0.24, 0.24 ]
        },
        "gui": {
            "rotation": [ 40.0, 190.0, 10.0 ],
            "translation": [ 0.0, 0.0, 0.0 ],
            "scale": [ 0.4375, 0.4375, 0.4375 ]
        }

    }
}