{
    "parent":"item_models/base",
    "textures": {
        "particle": "#blade"
    },
    "display":{
        "firstperson_lefthand": {
            "rotation": [ -10.0, 0.0, 10.0 ],
            "translation": [ 0.0, 3.0, 3.0 ],
            "scale": [ -0.5599999999999999, 0.5599999999999999, 0.5599999999999999 ]
        },
        "thirdperson_righthand": {
            "rotation": [ 180.0, 10.0, -180.0 ],
            "translation": [ -0.0, 3.97994974842648, 0.8954886933959579 ],
            "scale": [ 0.99, 0.99, 0.99 ]
        },
        "fixed": {
            "rotation": [ 0.0, 0.0, 45.0 ],
            "translation": [ 0.5, -0.5, 0.0 ],
            "scale": [ 1.05, 1.05, 1.05 ]
        },
        "thirdperson_lefthand": {
            "rotation": [ 180.0, 10.0, -180.0 ],
            "translation": [ 0.0, 3.97994974842648, 0.8954886933959579 ],
            "scale": [ -0.99, 0.99, 0.99 ]
        },
        "ground": {
            "rotation": [ 0.0, 0.0, 0.0 ],
            "translation": [ 0.0, 3.0, 0.0 ],
            "scale": [ 0.5, 0.5, 0.5 ]
        },
        "firstperson_righthand": {
            "rotation": [ -10.0, 0.0, 10.0 ],
            "translation": [ 0.0, 3.0, 3.0 ],
            "scale": [ 0.5599999999999999, 0.5599999999999999, 0.5599999999999999 ]
        },
        "gui": {
            "rotation": [ 30.0, 190.0, 45.0 ],
            "translation": [ 0.3, -0.3, 0.0 ],
            "scale": [ 0.90625, 0.90625, 0.90625 ]
        }
    }
}
