{
    "parent":"itemModels/base",
    "display":{
        "firstperson_lefthand": {
            "rotation": [ 0.0, 90.0, 20.0 ],
            "translation": [ 0.0, 3.0, 3.0 ],
            "scale": [ -0.5599999999999999, 0.5599999999999999, 0.5599999999999999 ]
        },
        "thirdperson_righthand": {
            "rotation": [ 0.0, 80.0, 0.0 ],
            "translation": [ -0.0, 3.0, 0.9 ],
            "scale": [ 1.0, 1.0, 1.0 ]
        },
        "fixed": {
            "rotation": [ 0.0, 0.0, 45.0 ],
            "translation": [ 0.5, -0.5, 0.0 ],
            "scale": [ 1.05, 1.05, 1.05 ]
        },
        "thirdperson_lefthand": {
            "rotation": [ 0.0, 80.0, 0.0 ],
            "translation": [ 0.0, 3.0, 0.9 ],
            "scale": [ -1.0, 1.0, 1.0 ]
        },
        "ground": {
            "rotation": [ 0.0, 0.0, 0.0 ],
            "translation": [ 0.0, 3.0, 0.0 ],
            "scale": [ 0.5, 0.5, 0.5 ]
        },
        "firstperson_righthand": {
            "rotation": [ 0.0, 90.0, 20.0 ],
            "translation": [ 0.0, 3.0, 3.0 ],
            "scale": [ 0.5599999999999999, 0.5599999999999999, 0.5599999999999999 ]
        },
        "gui": {
            "rotation": [ 30.0, 190.0, 45.0 ],
            "translation": [ 0.0, -0.65, 0.0 ],
            "scale": [ 0.90625, 0.90625, 0.90625 ]
        }
    }
}